Group,Group_Vulnerability_Score,Rank
Women,0.3049243365985448,1.0
Children,0.11538047171531335,2.0
Senior Citizens,0.02451809126017271,3.0
SC,0.023867535179752375,4.0
ST,0.0036174233006812193,5.0
