{
  "model": "FC-MT-LSTM",
  "timestamp": "2026-02-02T11:04:34.716051",
  "overall_metrics": {
    "mae": 6.542111873626709,
    "rmse": 16.04830317098879,
    "mse": 257.54803466796875,
    "r2": 0.9922202825546265
  },
  "fairness_metrics": {
    "fairness_gap": 12.609214782714844,
    "fairness_ratio": 1.9872388928412335
  },
  "breakdown": {
    "SC": {
      "mae": 2.0768234729766846,
      "rmse": 3.148598337916457,
      "r2": 0.967257559299469,
      "count": 16,
      "samples": 16
    },
    "ST": {
      "mae": 1.4032573699951172,
      "rmse": 1.541051982648969,
      "r2": 0.0,
      "count": 15,
      "samples": 15
    },
    "Women": {
      "mae": 7.8878173828125,
      "rmse": 10.806845890028242,
      "r2": 0.9980598092079163,
      "count": 16,
      "samples": 16
    },
    "Children": {
      "mae": 14.012472152709961,
      "rmse": 29.12470765847112,
      "r2": 0.9852088093757629,
      "count": 17,
      "samples": 17
    }
  },
  "total_samples": 64,
  "feature_count": 183,
  "sequence_length": 6
}