{
  "overall": {
    "mae": 23.82054871604556,
    "rmse": 56.49671448380197,
    "r2": 0.9436135813030442,
    "mape": 43.64624901498009
  },
  "by_group": {
    "SC": {
      "mae": 3.6917667229970297,
      "rmse": 6.816096849758551,
      "r2": 0.9800708131501498,
      "mape": 58.67588590181225,
      "count": 90
    },
    "ST": {
      "mae": 2.14826039834456,
      "rmse": 3.3786491998997614,
      "r2": 0.8235729058201586,
      "mape": 62.3872951793084,
      "count": 22
    },
    "Women": {
      "mae": 58.09682774543762,
      "rmse": 93.58048892380901,
      "r2": 0.9183759023408545,
      "mape": 41.25401629583375,
      "count": 92
    },
    "Children": {
      "mae": 14.209027067820232,
      "rmse": 37.75764271086171,
      "r2": 0.9615948367274569,
      "mape": 32.74628952605418,
      "count": 90
    }
  },
  "fairness_gap": 55.94856734709306,
  "fairness_ratio": 27.04366183457405,
  "vulnerability_specific_metrics": {
    "women_vs_others_max_diff": 55.94856734709306,
    "women_vs_min_group_gap": 43.88780067761739,
    "children_vs_others_max_diff": 43.88780067761739,
    "children_vs_min_group_gap": 10.517260344823203
  },
  "women_children_fairness_gap": 43.88780067761739,
  "training_time_seconds": 157.59483003616333,
  "training_time_minutes": 2.626580500602722
}