{
  "overall": {
    "mae": 135.4615692390399,
    "rmse": 198.18545689329673,
    "r2": 0.1910199777930468,
    "mape": 1229.721595949928
  },
  "by_group": {
    "SC": {
      "mae": 96.40073657489769,
      "rmse": 116.21717806501279,
      "r2": -0.5134960345345321,
      "mape": 1582.272200141788,
      "count": 934
    },
    "ST": {
      "mae": 78.80555277974116,
      "rmse": 104.41849141268894,
      "r2": -18.02577091399419,
      "mape": 2812.717157830125,
      "count": 890
    }
  },
  "fairness_gap": 17.59518379515653,
  "fairness_ratio": 1.2232734011058137,
  "training_time_seconds": 84.31688952445984,
  "training_time_minutes": 1.4052814920743306
}