{
  "overall": {
    "mae": 166.60570514208004,
    "rmse": 220.34483953564816,
    "r2": 0.0,
    "mape": 1300.2290807495292
  },
  "by_group": {
    "SC": {
      "mae": 119.21040053509967,
      "rmse": 130.21918973025205,
      "r2": -0.9001619314324005,
      "mape": 1646.429654365343,
      "count": 934
    },
    "ST": {
      "mae": 140.057721367813,
      "rmse": 142.01821986949642,
      "r2": -34.19456191084488,
      "mape": 3120.6098688338716,
      "count": 890
    }
  },
  "fairness_gap": 20.847320832713336,
  "fairness_ratio": 1.1748783725172969,
  "training_time_seconds": 4.240453481674194,
  "training_time_minutes": 0.07067422469456991
}