{
  "overall": {
    "mae": 5.63795755023048,
    "rmse": 10.269362725103218,
    "r2": 0.9981369903067113,
    "mape": 27.479108270721063
  },
  "by_group": {
    "SC": {
      "mae": 2.425857122739156,
      "rmse": 6.123803985899284,
      "r2": 0.9839135343533627,
      "mape": 25.32122195511016,
      "count": 90
    },
    "ST": {
      "mae": 3.220104683529247,
      "rmse": 5.104454177324816,
      "r2": 0.5973036471762091,
      "mape": 57.724049739697506,
      "count": 22
    },
    "Women": {
      "mae": 8.526246848313704,
      "rmse": 12.985964761448448,
      "r2": 0.9984282038757284,
      "mape": 28.1845667778321,
      "count": 92
    },
    "Children": {
      "mae": 6.488615173763699,
      "rmse": 11.324717710443288,
      "r2": 0.9965451066853906,
      "mape": 23.346518519304553,
      "count": 90
    }
  },
  "fairness_gap": 6.100389725574548,
  "fairness_ratio": 3.5147357890089976,
  "vulnerability_specific_metrics": {
    "women_vs_others_max_diff": 6.100389725574548,
    "women_vs_min_group_gap": 2.0376316745500054,
    "children_vs_others_max_diff": 4.062758051024543,
    "children_vs_min_group_gap": 2.0376316745500054
  },
  "women_children_fairness_gap": 2.0376316745500054,
  "training_time_seconds": 193.5808765888214,
  "training_time_minutes": 3.2263479431470237
}